counter,layer_index,neuron_index,performance
1,1,498,4.862864671672379e-07
1,1,498,1.7746552702252146e-07
2,1,556,5.336990664982532e-07
2,1,556,1.4845147255951188e-07
