h1,h2,N,l1,l2,linfty,nb_params,compression_ratio
600,200,800,0.00026181626249358487,1.8250842835796875e-07,0.006080012768507004,122801,1.0
593,138,731,0.0003232209412778957,2.1960248934832738e-07,0.0065382979810237885,84483,0.6879667103688081
584,137,721,0.0002173097822514592,1.4550462500021734e-07,0.006600763648748398,82619,0.6727876808820775
504,127,631,0.00041472720626529737,6.592631363549067e-07,0.010112527757883072,66279,0.5397268751883127
