h1,h2,N,l1,l2,linfty,nb_params,compression_ratio
600,200,800,0.00026434096865068566,2.1420985675231946e-07,0.007117455825209618,122801,1.0
593,138,731,0.00032808691657792223,2.5435439914153854e-07,0.007426610973197967,84483,0.6879667103688081
584,137,721,0.00021995721122893884,1.7696334887666662e-07,0.007511341944336891,82619,0.6727876808820775
504,127,631,0.0004209345600926099,7.289395448105902e-07,0.010108783841133118,66279,0.5397268751883127
504,127,631,0.0002640937935337206,1.8170100947759497e-07,0.006265351548790932,66279,0.5397268751883127
