h1,h2,N,l1,l2,linfty,nb_params,compression_ratio
600,200,800,0.00026727946387682095,2.1924239496149976e-07,0.009175652638077736,122801,1.0
504,127,631,0.00026633987936793344,1.8753004794408222e-07,0.007948804646730423,66279,0.5397268751883127
